epoch,time,train/giou_loss,train/cls_loss,train/l1_loss,metrics/precision(B),metrics/recall(B),metrics/mAP50(B),metrics/mAP50-95(B),val/giou_loss,val/cls_loss,val/l1_loss,lr/pg0,lr/pg1,lr/pg2
1,178.587,1.42947,0.45457,0.82451,0.09024,0.10421,0.03303,0.00785,1.54705,0.70754,1.02537,9.97354e-05,9.97354e-05,0.0801526
2,329.09,1.18394,0.51281,0.65548,0.24848,0.33808,0.19833,0.05066,0.93198,0.62595,0.50402,0.000199723,0.000199723,0.0602526
3,482.411,0.79237,0.76074,0.35313,0.22927,0.36908,0.21032,0.08428,0.59143,1.01306,0.27552,0.000299662,0.000299662,0.0403526
4,641.011,0.68458,0.83971,0.28708,0.27008,0.41078,0.26054,0.10865,0.54981,1.01586,0.25387,0.000399516,0.000399516,0.0204524
5,790.527,0.64243,0.8587,0.26397,0.30985,0.45081,0.29456,0.1188,0.55864,0.97154,0.25115,0.000499247,0.000499247,0.000552157
6,944.18,0.63247,0.81954,0.26217,0.27851,0.46121,0.27278,0.11235,0.57133,0.93268,0.29211,0.000499237,0.000499237,0.000499237
7,1090.62,0.63396,0.79281,0.26241,0.34747,0.48485,0.3494,0.14309,0.56886,0.88678,0.25903,0.000498902,0.000498902,0.000498902
8,1245.21,0.62821,0.77957,0.26211,0.34479,0.48754,0.34469,0.13689,0.58724,0.87608,0.27785,0.000498505,0.000498505,0.000498505
9,1399.63,0.62374,0.7648,0.25986,0.3729,0.49587,0.37507,0.15235,0.59286,0.82436,0.27987,0.000498048,0.000498048,0.000498048
10,1547.7,0.61682,0.76247,0.25725,0.39214,0.51526,0.40322,0.16979,0.55773,0.83571,0.26049,0.000497531,0.000497531,0.000497531
11,1692.78,0.6083,0.76687,0.25181,0.38168,0.49213,0.38281,0.15784,0.56355,0.86887,0.26952,0.000496953,0.000496953,0.000496953
12,1834.32,0.60662,0.75445,0.25309,0.34989,0.46807,0.34127,0.14099,0.58379,0.8387,0.30075,0.000496315,0.000496315,0.000496315
13,1978.18,0.60765,0.75228,0.25284,0.36524,0.48131,0.35883,0.15001,0.5637,0.87285,0.28663,0.000495616,0.000495616,0.000495616
14,2132.49,0.60129,0.74204,0.25157,0.36651,0.48546,0.3666,0.1508,0.57154,0.87129,0.28204,0.000494858,0.000494858,0.000494858
15,2286.1,0.60194,0.74026,0.25178,0.4138,0.51377,0.42091,0.18106,0.54771,0.82667,0.25949,0.000494039,0.000494039,0.000494039
16,2439.28,0.59713,0.73263,0.25144,0.40304,0.51012,0.40511,0.17131,0.56562,0.82688,0.28604,0.000493162,0.000493162,0.000493162
17,2587.22,0.59857,0.72863,0.25053,0.41864,0.50023,0.4157,0.17392,0.56565,0.81542,0.26133,0.000492224,0.000492224,0.000492224
18,2736.12,0.59786,0.72288,0.25061,0.40668,0.50646,0.40387,0.16572,0.59161,0.79822,0.29873,0.000491228,0.000491228,0.000491228
19,2895.08,0.58634,0.71963,0.24577,0.46331,0.52539,0.47132,0.2072,0.5484,0.81109,0.24752,0.000490173,0.000490173,0.000490173
20,3048.22,0.58939,0.71094,0.24839,0.43085,0.52204,0.43189,0.187,0.56065,0.80075,0.26916,0.000489059,0.000489059,0.000489059
21,3200.53,0.58897,0.72006,0.24871,0.44792,0.53131,0.46087,0.20388,0.53918,0.80926,0.2479,0.000487886,0.000487886,0.000487886
22,3348.07,0.58693,0.70995,0.24549,0.37663,0.47547,0.36371,0.15253,0.57517,0.85845,0.30564,0.000486656,0.000486656,0.000486656
23,3499.38,0.58436,0.70597,0.24671,0.46625,0.54447,0.47269,0.1935,0.58968,0.7919,0.27048,0.000485368,0.000485368,0.000485368
24,3646.63,0.58245,0.69663,0.24533,0.4068,0.49782,0.3947,0.16613,0.57806,0.83283,0.30454,0.000484022,0.000484022,0.000484022
25,3799.47,0.58155,0.70353,0.24424,0.43614,0.5366,0.44598,0.19312,0.54465,0.81298,0.2584,0.00048262,0.00048262,0.00048262
26,3950.01,0.58128,0.69434,0.244,0.44507,0.54478,0.45029,0.19407,0.56043,0.7853,0.27091,0.00048116,0.00048116,0.00048116
27,4098.58,0.57875,0.69065,0.24505,0.49281,0.56771,0.50974,0.22566,0.54439,0.75381,0.25412,0.000479644,0.000479644,0.000479644
28,4250.21,0.58347,0.68842,0.24544,0.41699,0.50724,0.41936,0.18297,0.56445,0.81022,0.28408,0.000478072,0.000478072,0.000478072
29,4394.37,0.57762,0.68399,0.24349,0.46113,0.55833,0.4675,0.20072,0.56733,0.77236,0.27877,0.000476445,0.000476445,0.000476445
30,4542.67,0.57683,0.68001,0.24401,0.50239,0.56173,0.51119,0.21696,0.58133,0.7348,0.26798,0.000474762,0.000474762,0.000474762
31,4689.52,0.57252,0.68097,0.24336,0.52012,0.58076,0.53119,0.23024,0.57219,0.71833,0.26305,0.000473024,0.000473024,0.000473024
32,4833.32,0.57652,0.67759,0.24397,0.51334,0.58629,0.52821,0.23083,0.56223,0.74163,0.25911,0.000471232,0.000471232,0.000471232
33,4975.28,0.57579,0.67068,0.24156,0.50118,0.59128,0.51712,0.22325,0.57803,0.71671,0.26788,0.000469386,0.000469386,0.000469386
34,5115.52,0.57435,0.66819,0.24235,0.54252,0.59143,0.54722,0.24029,0.5704,0.7108,0.25988,0.000467486,0.000467486,0.000467486
35,5256,0.57409,0.67486,0.24266,0.51153,0.5838,0.52875,0.23282,0.56134,0.73044,0.2595,0.000465534,0.000465534,0.000465534
36,5406.19,0.57514,0.66878,0.24292,0.49852,0.57227,0.51329,0.22468,0.56016,0.75191,0.25039,0.000463528,0.000463528,0.000463528
37,5552.98,0.57047,0.66235,0.24125,0.48722,0.58349,0.50945,0.22664,0.5596,0.74541,0.26784,0.000461471,0.000461471,0.000461471
38,5703.2,0.56894,0.66391,0.23982,0.46543,0.56599,0.47361,0.2107,0.55738,0.75546,0.27424,0.000459362,0.000459362,0.000459362
39,5856.09,0.57289,0.6598,0.24331,0.56371,0.60628,0.57452,0.25305,0.58151,0.67806,0.26457,0.000457202,0.000457202,0.000457202
40,6009.29,0.56783,0.65839,0.24155,0.49542,0.5852,0.51881,0.22564,0.57408,0.7233,0.27099,0.000454992,0.000454992,0.000454992
41,6161.51,0.56734,0.6573,0.2392,0.50293,0.59282,0.52344,0.23317,0.55028,0.74091,0.26474,0.000452732,0.000452732,0.000452732
42,6311.81,0.57216,0.64932,0.24158,0.54109,0.6033,0.56188,0.25241,0.56638,0.69479,0.26324,0.000450422,0.000450422,0.000450422
43,6460.01,0.56808,0.64816,0.24234,0.54812,0.60927,0.56791,0.25169,0.58221,0.68243,0.27055,0.000448063,0.000448063,0.000448063
44,6611.48,0.56394,0.64479,0.24056,0.46628,0.55615,0.47482,0.20594,0.59235,0.7398,0.30273,0.000445657,0.000445657,0.000445657
45,6762.29,0.56189,0.64311,0.23756,0.52717,0.61807,0.55391,0.24957,0.57048,0.69055,0.27278,0.000443202,0.000443202,0.000443202
46,6912.8,0.55909,0.64695,0.23601,0.54502,0.61538,0.56795,0.25834,0.56813,0.69788,0.26901,0.0004407,0.0004407,0.0004407
47,7059.52,0.55573,0.64849,0.23675,0.55314,0.61153,0.57636,0.26486,0.55966,0.68798,0.25829,0.000438152,0.000438152,0.000438152
48,7211.58,0.5482,0.64061,0.23185,0.56797,0.62469,0.59262,0.27089,0.55961,0.67951,0.25679,0.000435559,0.000435559,0.000435559
49,7362.27,0.55904,0.63647,0.23872,0.50389,0.60569,0.53319,0.24021,0.56737,0.70703,0.28157,0.00043292,0.00043292,0.00043292
50,7508.77,0.5468,0.63571,0.23269,0.57366,0.63731,0.60679,0.2786,0.55193,0.6853,0.25355,0.000430236,0.000430236,0.000430236
51,7658.78,0.5491,0.62742,0.23427,0.57786,0.62617,0.60449,0.27363,0.5816,0.65668,0.27582,0.000427509,0.000427509,0.000427509
52,7811,0.54766,0.62746,0.23333,0.60073,0.65526,0.63712,0.30194,0.55279,0.64498,0.25223,0.000424738,0.000424738,0.000424738
53,7960.93,0.54159,0.62984,0.23033,0.55898,0.63847,0.60202,0.28251,0.54533,0.68758,0.25345,0.000421925,0.000421925,0.000421925
54,8106.22,0.5401,0.62172,0.2299,0.58841,0.65824,0.63096,0.29984,0.55039,0.64872,0.25816,0.000419071,0.000419071,0.000419071
55,8252.79,0.54313,0.62702,0.2313,0.60506,0.6507,0.63541,0.29422,0.56111,0.64858,0.2673,0.000416175,0.000416175,0.000416175
56,8402.48,0.5416,0.62053,0.23087,0.59045,0.65123,0.6272,0.29678,0.55664,0.64788,0.2574,0.000413238,0.000413238,0.000413238
57,8553,0.53827,0.61574,0.22927,0.5635,0.64447,0.60325,0.28819,0.54649,0.66724,0.25659,0.000410262,0.000410262,0.000410262
58,8698.51,0.54025,0.61555,0.22828,0.62223,0.67118,0.66369,0.32187,0.54845,0.62694,0.24886,0.000407248,0.000407248,0.000407248
59,8841.69,0.53674,0.61063,0.22768,0.6074,0.66462,0.6457,0.30995,0.54788,0.63702,0.25,0.000404194,0.000404194,0.000404194
60,8994.59,0.53397,0.61246,0.22715,0.6212,0.65732,0.65471,0.31383,0.55642,0.63388,0.25381,0.000401104,0.000401104,0.000401104
61,9145.18,0.5331,0.61411,0.22755,0.63103,0.66776,0.66943,0.32488,0.54504,0.63352,0.25024,0.000397977,0.000397977,0.000397977
62,9295.42,0.52787,0.60861,0.22451,0.62848,0.66371,0.66729,0.32216,0.5373,0.64046,0.24461,0.000394814,0.000394814,0.000394814
63,9447.72,0.5311,0.60958,0.22838,0.6413,0.68061,0.68174,0.33837,0.53533,0.62728,0.24622,0.000391616,0.000391616,0.000391616
64,9596.1,0.5273,0.60321,0.2249,0.65592,0.68605,0.6997,0.34289,0.549,0.60377,0.24757,0.000388383,0.000388383,0.000388383
65,9745.1,0.52549,0.60538,0.2237,0.6436,0.68505,0.68846,0.33844,0.54041,0.62362,0.24518,0.000385117,0.000385117,0.000385117
66,9896.19,0.52509,0.60385,0.22268,0.65697,0.67991,0.69207,0.34504,0.53208,0.62565,0.2356,0.000381818,0.000381818,0.000381818
67,10047.5,0.52122,0.60146,0.22075,0.65531,0.70405,0.70606,0.35653,0.52193,0.61375,0.23497,0.000378488,0.000378488,0.000378488
68,10193.9,0.52289,0.59355,0.22111,0.67292,0.68388,0.70327,0.35098,0.54236,0.60265,0.24337,0.000375126,0.000375126,0.000375126
69,10345.6,0.52254,0.59744,0.22314,0.66031,0.69367,0.70275,0.3544,0.53472,0.60694,0.24476,0.000371734,0.000371734,0.000371734
70,10498.2,0.51645,0.59034,0.21905,0.67107,0.71075,0.71845,0.36285,0.53113,0.5995,0.24391,0.000368313,0.000368313,0.000368313
71,10651.4,0.5095,0.59595,0.21547,0.66661,0.70709,0.71404,0.36515,0.52331,0.61005,0.23799,0.000364863,0.000364863,0.000364863
72,10801.3,0.52089,0.58396,0.22247,0.69426,0.69836,0.72866,0.37587,0.5218,0.59634,0.23825,0.000361385,0.000361385,0.000361385
73,10954.6,0.51476,0.58416,0.21793,0.70158,0.69587,0.73513,0.377,0.52445,0.59187,0.2359,0.00035788,0.00035788,0.00035788
74,11106,0.51032,0.58812,0.21655,0.70392,0.71036,0.74015,0.3809,0.52443,0.58737,0.23737,0.00035435,0.00035435,0.00035435
75,11256.7,0.51443,0.58249,0.22134,0.70029,0.70537,0.73676,0.37847,0.52747,0.58747,0.23772,0.000350794,0.000350794,0.000350794
76,11412.3,0.51153,0.58244,0.21825,0.6977,0.71114,0.73751,0.38334,0.52553,0.58201,0.24043,0.000347214,0.000347214,0.000347214
77,11563.1,0.50871,0.58536,0.21463,0.71211,0.71008,0.7446,0.38273,0.53702,0.57402,0.24305,0.000343611,0.000343611,0.000343611
78,11718.3,0.50636,0.58258,0.2161,0.71661,0.70426,0.74377,0.38208,0.53911,0.57731,0.24195,0.000339985,0.000339985,0.000339985
79,11869.7,0.50904,0.57832,0.21555,0.71875,0.71949,0.75221,0.39116,0.52836,0.57392,0.24118,0.000336338,0.000336338,0.000336338
80,12021.7,0.50839,0.57896,0.21511,0.72453,0.72804,0.765,0.40431,0.51489,0.57333,0.23026,0.00033267,0.00033267,0.00033267
81,12173.7,0.50476,0.57704,0.21495,0.72336,0.72072,0.75786,0.39778,0.52252,0.57232,0.23417,0.000328982,0.000328982,0.000328982
82,12320.9,0.50639,0.57072,0.2143,0.73138,0.72368,0.7641,0.39854,0.52622,0.56715,0.23362,0.000325275,0.000325275,0.000325275
83,12474.6,0.50141,0.57398,0.21187,0.73302,0.73326,0.77328,0.40452,0.52561,0.56337,0.23179,0.00032155,0.00032155,0.00032155
84,12624.1,0.50241,0.5695,0.21194,0.72872,0.72702,0.76847,0.40269,0.52047,0.56727,0.23106,0.000317809,0.000317809,0.000317809
85,12772.1,0.50188,0.56912,0.21294,0.73664,0.73069,0.77514,0.40505,0.52186,0.56467,0.22819,0.000314051,0.000314051,0.000314051
86,12919.7,0.49862,0.56478,0.20996,0.73995,0.73178,0.77982,0.41232,0.51602,0.56061,0.22911,0.000310278,0.000310278,0.000310278
87,13068,0.49112,0.56615,0.20895,0.74496,0.73684,0.78304,0.41526,0.51548,0.55524,0.23119,0.00030649,0.00030649,0.00030649
88,13220.6,0.49733,0.55846,0.21112,0.74712,0.74067,0.78295,0.41087,0.52576,0.55214,0.2322,0.00030269,0.00030269,0.00030269
89,13370,0.49375,0.56068,0.20902,0.74055,0.73855,0.78164,0.41578,0.51991,0.55489,0.23046,0.000298877,0.000298877,0.000298877
90,13515.8,0.49237,0.5565,0.20848,0.74922,0.74572,0.78903,0.42435,0.51455,0.5488,0.22891,0.000295052,0.000295052,0.000295052
91,13666.5,0.49022,0.55806,0.20767,0.76358,0.74303,0.79053,0.42516,0.51381,0.54878,0.2307,0.000291218,0.000291218,0.000291218
92,13812.7,0.49097,0.55746,0.21033,0.76316,0.74704,0.79545,0.42613,0.51991,0.54173,0.23281,0.000287373,0.000287373,0.000287373
93,13960.6,0.48655,0.55752,0.2054,0.75934,0.75513,0.79747,0.42877,0.51008,0.54434,0.22708,0.00028352,0.00028352,0.00028352
94,14109.3,0.48996,0.55399,0.2066,0.75943,0.75389,0.79739,0.42895,0.51176,0.54585,0.22842,0.000279659,0.000279659,0.000279659
95,14263.7,0.48841,0.55327,0.20609,0.76506,0.74829,0.8004,0.42881,0.51298,0.54564,0.22653,0.000275792,0.000275792,0.000275792
96,14412.2,0.48902,0.55287,0.20672,0.7706,0.75202,0.80585,0.43609,0.50882,0.54096,0.22429,0.000271919,0.000271919,0.000271919
97,14560.2,0.47997,0.54725,0.20024,0.76891,0.75802,0.80615,0.43829,0.50948,0.5367,0.22862,0.000268041,0.000268041,0.000268041
98,14704.8,0.47598,0.54592,0.19939,0.76854,0.76337,0.80934,0.43798,0.51074,0.53535,0.22752,0.000264159,0.000264159,0.000264159
99,14852.4,0.47879,0.54382,0.2038,0.77758,0.76114,0.81249,0.43748,0.5144,0.53198,0.22846,0.000260274,0.000260274,0.000260274
100,14995,0.48134,0.54066,0.20445,0.77799,0.76402,0.81458,0.44013,0.51393,0.53042,0.22793,0.000256388,0.000256388,0.000256388
101,15148.3,0.47931,0.54405,0.20094,0.77953,0.76752,0.8186,0.44664,0.50878,0.52729,0.22681,0.0002525,0.0002525,0.0002525
102,15297.9,0.47872,0.53951,0.20146,0.78182,0.77471,0.82226,0.45149,0.50477,0.52377,0.22579,0.000248612,0.000248612,0.000248612
103,15451.8,0.47354,0.53653,0.19755,0.78647,0.77664,0.82559,0.45483,0.50254,0.52207,0.22214,0.000244726,0.000244726,0.000244726
104,15604.4,0.47416,0.53669,0.19753,0.78274,0.77562,0.82379,0.45523,0.50379,0.52068,0.22299,0.000240841,0.000240841,0.000240841
105,15753.3,0.47016,0.53386,0.1974,0.79212,0.77455,0.82707,0.45572,0.50462,0.51877,0.22105,0.000236959,0.000236959,0.000236959
106,15914.5,0.47302,0.5336,0.20016,0.79064,0.7845,0.83076,0.45946,0.50207,0.51648,0.22059,0.000233081,0.000233081,0.000233081
107,16090,0.47459,0.53468,0.19944,0.79595,0.78045,0.83373,0.46139,0.49854,0.51842,0.21923,0.000229208,0.000229208,0.000229208
108,16265.6,0.47144,0.53351,0.19787,0.79921,0.77889,0.83349,0.46248,0.49843,0.51674,0.22065,0.000225341,0.000225341,0.000225341
109,16435.6,0.47119,0.53143,0.1965,0.79612,0.78036,0.834,0.46086,0.50279,0.51473,0.22116,0.00022148,0.00022148,0.00022148
110,16596,0.47029,0.52812,0.19756,0.79511,0.78277,0.83593,0.4619,0.50518,0.51171,0.22342,0.000217627,0.000217627,0.000217627
111,16755.7,0.46623,0.52652,0.19439,0.79733,0.78559,0.83715,0.46335,0.50435,0.51023,0.22233,0.000213782,0.000213782,0.000213782
112,16923.4,0.46728,0.52776,0.19569,0.80425,0.78707,0.84114,0.46615,0.50417,0.50793,0.22165,0.000209948,0.000209948,0.000209948
113,17092.7,0.46636,0.52651,0.19354,0.80799,0.78879,0.84344,0.4678,0.50355,0.5069,0.2202,0.000206123,0.000206123,0.000206123
114,17257.3,0.46746,0.52486,0.19431,0.81055,0.7894,0.84546,0.47182,0.49933,0.50602,0.21796,0.00020231,0.00020231,0.00020231
115,17408.5,0.46397,0.527,0.19415,0.81271,0.78877,0.84632,0.47271,0.49869,0.50595,0.21747,0.00019851,0.00019851,0.00019851
116,17517.7,0.46032,0.52046,0.19241,0.81587,0.79151,0.84814,0.47618,0.49697,0.50381,0.2177,0.000194722,0.000194722,0.000194722
117,17628.6,0.46594,0.52201,0.1945,0.81795,0.78976,0.84921,0.4756,0.49726,0.50361,0.21711,0.000190949,0.000190949,0.000190949
118,17738.5,0.45881,0.52196,0.19164,0.81981,0.79213,0.85163,0.47567,0.49908,0.50295,0.21705,0.000187191,0.000187191,0.000187191
119,17852.3,0.46288,0.51961,0.19261,0.8197,0.7954,0.85195,0.47656,0.49714,0.50363,0.21653,0.00018345,0.00018345,0.00018345
120,17968.5,0.4601,0.5209,0.19022,0.82003,0.7965,0.8534,0.47748,0.49519,0.50429,0.21447,0.000179725,0.000179725,0.000179725
121,18080,0.45813,0.51294,0.18995,0.82449,0.79684,0.85662,0.48113,0.49408,0.5017,0.21422,0.000176018,0.000176018,0.000176018
122,18193.7,0.45185,0.5098,0.1875,0.82519,0.80293,0.85955,0.48431,0.49191,0.49976,0.21265,0.00017233,0.00017233,0.00017233
123,18311.5,0.45756,0.51088,0.19015,0.82152,0.80691,0.86041,0.48357,0.49306,0.49914,0.21368,0.000168662,0.000168662,0.000168662
124,18421.9,0.45976,0.51449,0.19166,0.82311,0.80506,0.86181,0.48533,0.49261,0.49815,0.21413,0.000165015,0.000165015,0.000165015
125,18535.7,0.45564,0.51374,0.18985,0.82623,0.80748,0.86268,0.48711,0.49197,0.49651,0.21312,0.000161389,0.000161389,0.000161389
126,18655.5,0.45291,0.51577,0.18889,0.82843,0.80724,0.86418,0.48889,0.49152,0.49527,0.21266,0.000157786,0.000157786,0.000157786
127,18771.9,0.45564,0.50957,0.18802,0.82731,0.8095,0.86551,0.48963,0.49171,0.49413,0.21222,0.000154206,0.000154206,0.000154206
128,18885.9,0.4506,0.50742,0.18551,0.83112,0.81103,0.86612,0.49129,0.49077,0.49299,0.21165,0.00015065,0.00015065,0.00015065
129,19003.1,0.45489,0.51014,0.1876,0.83466,0.80693,0.8667,0.49086,0.49211,0.49317,0.21177,0.00014712,0.00014712,0.00014712
130,19114.9,0.45086,0.50701,0.18607,0.83534,0.80798,0.86785,0.49214,0.49177,0.49179,0.21173,0.000143615,0.000143615,0.000143615
131,19228.1,0.45081,0.50988,0.18712,0.83575,0.81078,0.86866,0.49527,0.48935,0.48981,0.21151,0.000140137,0.000140137,0.000140137
132,19339.5,0.4531,0.50695,0.18933,0.83594,0.8109,0.86915,0.49647,0.48761,0.48995,0.20999,0.000136687,0.000136687,0.000136687
133,19450.9,0.45105,0.50158,0.18648,0.83353,0.81207,0.86981,0.49582,0.48854,0.49014,0.21044,0.000133266,0.000133266,0.000133266
134,19567.4,0.44747,0.50253,0.18544,0.83736,0.81332,0.87181,0.49708,0.48786,0.48936,0.20978,0.000129874,0.000129874,0.000129874
135,19677.9,0.44426,0.50175,0.18232,0.83853,0.81295,0.872,0.49791,0.48783,0.48849,0.21059,0.000126512,0.000126512,0.000126512
136,19793.6,0.44503,0.50236,0.18423,0.83754,0.81441,0.87169,0.49805,0.48824,0.48777,0.21041,0.000123182,0.000123182,0.000123182
137,19910.1,0.44288,0.50131,0.18166,0.83881,0.81394,0.87223,0.49825,0.48849,0.48718,0.21027,0.000119883,0.000119883,0.000119883
138,20019.7,0.44419,0.49805,0.18332,0.84026,0.81443,0.87268,0.49805,0.48902,0.48748,0.20952,0.000116617,0.000116617,0.000116617
139,20134.4,0.44629,0.49678,0.18451,0.83959,0.81606,0.87276,0.49911,0.48796,0.48742,0.20915,0.000113384,0.000113384,0.000113384
140,20247.8,0.44438,0.49805,0.18303,0.84231,0.81497,0.8738,0.50036,0.48646,0.48705,0.20785,0.000110186,0.000110186,0.000110186
141,20360.9,0.44002,0.49543,0.18094,0.83955,0.81682,0.87399,0.50148,0.48559,0.4866,0.2076,0.000107023,0.000107023,0.000107023
142,20471,0.44,0.49733,0.18092,0.84037,0.81565,0.87458,0.50208,0.48549,0.48625,0.20701,0.000103896,0.000103896,0.000103896
143,20583.4,0.43999,0.49406,0.1798,0.83954,0.8155,0.87472,0.5027,0.48527,0.48588,0.20682,0.000100806,0.000100806,0.000100806
144,20699.4,0.44024,0.49471,0.18105,0.84046,0.81849,0.87517,0.50238,0.48585,0.48513,0.20695,9.77524e-05,9.77524e-05,9.77524e-05
145,20814,0.44129,0.49512,0.18147,0.84053,0.8206,0.87578,0.50296,0.48628,0.48444,0.2073,9.47376e-05,9.47376e-05,9.47376e-05
146,20924.9,0.43847,0.49519,0.17893,0.84143,0.82134,0.87668,0.5036,0.48591,0.48388,0.20726,9.17616e-05,9.17616e-05,9.17616e-05
147,21039.7,0.43798,0.49246,0.17952,0.84007,0.8229,0.87757,0.50457,0.48582,0.48289,0.20747,8.88253e-05,8.88253e-05,8.88253e-05
148,21155.1,0.43794,0.49645,0.18016,0.84118,0.82399,0.87743,0.50462,0.48539,0.48294,0.20718,8.59294e-05,8.59294e-05,8.59294e-05
149,21264.8,0.43435,0.49223,0.1777,0.84343,0.82547,0.87868,0.50598,0.48474,0.48197,0.20705,8.30746e-05,8.30746e-05,8.30746e-05
150,21377.4,0.43416,0.49236,0.17866,0.84444,0.82632,0.8799,0.5067,0.48435,0.48152,0.2065,8.02616e-05,8.02616e-05,8.02616e-05
151,21495.7,0.43392,0.48785,0.17708,0.84624,0.82617,0.8808,0.50714,0.48468,0.48015,0.20666,7.74911e-05,7.74911e-05,7.74911e-05
152,21606,0.43896,0.49245,0.17978,0.84798,0.8276,0.88171,0.50785,0.48465,0.47966,0.20658,7.47637e-05,7.47637e-05,7.47637e-05
153,21719.4,0.42919,0.48882,0.1753,0.84718,0.82827,0.88216,0.50849,0.48431,0.47929,0.20651,7.20803e-05,7.20803e-05,7.20803e-05
154,21835.8,0.4331,0.48581,0.17573,0.84874,0.82695,0.88216,0.5091,0.48391,0.47898,0.20628,6.94413e-05,6.94413e-05,6.94413e-05
155,21948,0.4301,0.4867,0.17661,0.84876,0.82889,0.88333,0.50991,0.48381,0.47801,0.20636,6.68475e-05,6.68475e-05,6.68475e-05
156,22061.6,0.42753,0.48587,0.17425,0.84939,0.82944,0.88365,0.5103,0.48358,0.47797,0.20633,6.42995e-05,6.42995e-05,6.42995e-05
157,22177.1,0.43162,0.48443,0.17716,0.85027,0.8297,0.88432,0.51113,0.48311,0.47749,0.20607,6.1798e-05,6.1798e-05,6.1798e-05
158,22291,0.42916,0.48255,0.17533,0.84988,0.83084,0.8846,0.51201,0.48162,0.47823,0.20475,5.93435e-05,5.93435e-05,5.93435e-05
159,22403.4,0.42993,0.48892,0.17596,0.85251,0.82975,0.88528,0.51292,0.4814,0.47744,0.20483,5.69366e-05,5.69366e-05,5.69366e-05
160,22516.3,0.42712,0.48355,0.17557,0.85101,0.83069,0.88594,0.51365,0.48089,0.47702,0.20455,5.4578e-05,5.4578e-05,5.4578e-05
161,22634.8,0.42967,0.48202,0.17498,0.85013,0.83162,0.88605,0.51443,0.48071,0.47642,0.20464,5.22683e-05,5.22683e-05,5.22683e-05
162,22745.4,0.42773,0.48425,0.17473,0.85456,0.82882,0.8867,0.51468,0.48044,0.47573,0.20455,5.00079e-05,5.00079e-05,5.00079e-05
163,22855.2,0.42494,0.48257,0.1714,0.85342,0.82897,0.88738,0.51543,0.47974,0.4755,0.20434,4.77976e-05,4.77976e-05,4.77976e-05
164,22969.9,0.42846,0.48176,0.17465,0.85487,0.82952,0.8875,0.51555,0.4795,0.47513,0.20417,4.56377e-05,4.56377e-05,4.56377e-05
165,23083.4,0.42769,0.48138,0.17301,0.85559,0.82921,0.88822,0.51604,0.47916,0.47494,0.20402,4.35288e-05,4.35288e-05,4.35288e-05
166,23193.5,0.42058,0.48219,0.1706,0.85446,0.83078,0.88854,0.51635,0.4789,0.47499,0.20362,4.14716e-05,4.14716e-05,4.14716e-05
167,23304.2,0.42656,0.47704,0.17177,0.85531,0.83201,0.88888,0.51663,0.4782,0.475,0.20332,3.94663e-05,3.94663e-05,3.94663e-05
168,23418.9,0.42485,0.48029,0.17357,0.85494,0.83185,0.88927,0.5178,0.47733,0.47435,0.20288,3.75137e-05,3.75137e-05,3.75137e-05
169,23535.9,0.42871,0.48016,0.17416,0.85519,0.83249,0.8897,0.51831,0.47691,0.47413,0.20287,3.56141e-05,3.56141e-05,3.56141e-05
170,23645.9,0.42168,0.47992,0.17037,0.85553,0.8325,0.89002,0.51872,0.4766,0.47418,0.20219,3.3768e-05,3.3768e-05,3.3768e-05
171,23759.1,0.42243,0.48104,0.17154,0.85526,0.83296,0.89035,0.51879,0.47657,0.47417,0.20202,3.19759e-05,3.19759e-05,3.19759e-05
172,23878.4,0.4246,0.47934,0.17067,0.85665,0.83358,0.89101,0.51909,0.47665,0.47343,0.20202,3.02382e-05,3.02382e-05,3.02382e-05
173,23987.5,0.42286,0.47812,0.17263,0.85675,0.83435,0.8911,0.5194,0.47652,0.47309,0.20169,2.85553e-05,2.85553e-05,2.85553e-05
174,24102.2,0.42275,0.47891,0.17298,0.85651,0.83458,0.89138,0.51996,0.47618,0.47288,0.2018,2.69277e-05,2.69277e-05,2.69277e-05
175,24220.3,0.41885,0.4777,0.17047,0.85615,0.8359,0.89163,0.52014,0.47573,0.47269,0.20117,2.53557e-05,2.53557e-05,2.53557e-05
176,24327.8,0.41923,0.47812,0.16969,0.85623,0.83598,0.89195,0.5208,0.47523,0.47293,0.20099,2.38398e-05,2.38398e-05,2.38398e-05
177,24440.9,0.42115,0.4748,0.17006,0.85616,0.83692,0.89207,0.52061,0.47536,0.47247,0.20137,2.23803e-05,2.23803e-05,2.23803e-05
178,24552,0.42219,0.47577,0.17111,0.85693,0.83593,0.8924,0.52098,0.47552,0.47174,0.2018,2.09776e-05,2.09776e-05,2.09776e-05
179,24667.8,0.41854,0.47629,0.16871,0.85727,0.83793,0.89268,0.52109,0.47547,0.47175,0.20154,1.9632e-05,1.9632e-05,1.9632e-05
180,24778.6,0.42389,0.4744,0.1722,0.85783,0.83707,0.89264,0.52122,0.47541,0.47132,0.20164,1.83439e-05,1.83439e-05,1.83439e-05
181,24889.8,0.41949,0.47111,0.17028,0.85715,0.83808,0.89296,0.52116,0.47561,0.47082,0.20206,1.71135e-05,1.71135e-05,1.71135e-05
182,25001.7,0.42089,0.47548,0.17027,0.8586,0.83762,0.89316,0.52131,0.47574,0.47036,0.20213,1.59412e-05,1.59412e-05,1.59412e-05
183,25117.6,0.41877,0.47441,0.17069,0.85859,0.83808,0.89313,0.52126,0.47574,0.47004,0.20236,1.48273e-05,1.48273e-05,1.48273e-05
184,25228.5,0.42005,0.47443,0.17056,0.85959,0.83637,0.89296,0.52141,0.47556,0.47009,0.20233,1.3772e-05,1.3772e-05,1.3772e-05
185,25341.8,0.42037,0.47723,0.17054,0.85878,0.83639,0.89303,0.52167,0.47548,0.4701,0.20225,1.27757e-05,1.27757e-05,1.27757e-05
186,25454.8,0.41914,0.47629,0.17046,0.85989,0.83599,0.89328,0.52171,0.47552,0.46978,0.20242,1.18384e-05,1.18384e-05,1.18384e-05
187,25575.7,0.41771,0.4713,0.16653,0.86144,0.83576,0.89365,0.52204,0.47539,0.4696,0.20221,1.09606e-05,1.09606e-05,1.09606e-05
188,25691.1,0.42173,0.47437,0.16957,0.86093,0.8366,0.89376,0.5221,0.47508,0.46966,0.20209,1.01424e-05,1.01424e-05,1.01424e-05
189,25807.9,0.41966,0.47218,0.16956,0.86088,0.83615,0.89395,0.52223,0.47515,0.46915,0.20208,9.38391e-06,9.38391e-06,9.38391e-06
190,25924.5,0.41654,0.47272,0.16791,0.8603,0.83599,0.8936,0.52212,0.47496,0.46921,0.20198,8.68544e-06,8.68544e-06,8.68544e-06
191,26044.6,0.34477,0.41886,0.15131,0.85995,0.83592,0.89353,0.52204,0.47466,0.46948,0.20182,8.04714e-06,8.04714e-06,8.04714e-06
192,26152.5,0.34091,0.41358,0.1491,0.85904,0.83637,0.89368,0.52264,0.4745,0.46921,0.20183,7.46914e-06,7.46914e-06,7.46914e-06
193,26258.4,0.33948,0.4109,0.14732,0.86034,0.83676,0.89432,0.52292,0.47454,0.46875,0.20172,6.95161e-06,6.95161e-06,6.95161e-06
194,26363.5,0.34014,0.4113,0.14893,0.86009,0.83739,0.89451,0.5233,0.47398,0.46914,0.2015,6.49466e-06,6.49466e-06,6.49466e-06
195,26472.9,0.33983,0.41031,0.14906,0.86164,0.83668,0.89484,0.52356,0.47375,0.46878,0.20128,6.09841e-06,6.09841e-06,6.09841e-06
196,26579.8,0.33797,0.40997,0.14715,0.86248,0.83621,0.89455,0.52382,0.47342,0.46881,0.2011,5.76296e-06,5.76296e-06,5.76296e-06
197,26686.3,0.34052,0.41142,0.1491,0.86532,0.83458,0.89514,0.52397,0.47316,0.46855,0.20097,5.48838e-06,5.48838e-06,5.48838e-06
198,26794.4,0.33359,0.40674,0.14575,0.86544,0.83489,0.89573,0.52435,0.47278,0.46867,0.20094,5.27476e-06,5.27476e-06,5.27476e-06
199,26901.9,0.33819,0.40867,0.14754,0.86553,0.83559,0.89572,0.52464,0.47285,0.46847,0.20103,5.12213e-06,5.12213e-06,5.12213e-06
200,27009.1,0.33992,0.40721,0.14854,0.86602,0.83518,0.89563,0.52477,0.4725,0.46851,0.20076,5.03053e-06,5.03053e-06,5.03053e-06
