source_key	target_key	equal
model.0.conv.weight	model.0.conv.weight	True
model.0.norm.weight	model.0.norm.weight	True
model.0.norm.bias	model.0.norm.bias	True
model.0.norm.running_mean	model.0.norm.running_mean	True
model.0.norm.running_var	model.0.norm.running_var	True
model.0.norm.num_batches_tracked	model.0.norm.num_batches_tracked	True
model.1.conv.weight	model.1.conv.weight	True
model.1.norm.weight	model.1.norm.weight	True
model.1.norm.bias	model.1.norm.bias	True
model.1.norm.running_mean	model.1.norm.running_mean	True
model.1.norm.running_var	model.1.norm.running_var	True
model.1.norm.num_batches_tracked	model.1.norm.num_batches_tracked	True
model.2.conv.weight	model.2.conv.weight	True
model.2.norm.weight	model.2.norm.weight	True
model.2.norm.bias	model.2.norm.bias	True
model.2.norm.running_mean	model.2.norm.running_mean	True
model.2.norm.running_var	model.2.norm.running_var	True
model.2.norm.num_batches_tracked	model.2.norm.num_batches_tracked	True
model.4.blocks.0.short.conv.weight	model.4.blocks.0.short.conv.weight	True
model.4.blocks.0.short.norm.weight	model.4.blocks.0.short.norm.weight	True
model.4.blocks.0.short.norm.bias	model.4.blocks.0.short.norm.bias	True
model.4.blocks.0.short.norm.running_mean	model.4.blocks.0.short.norm.running_mean	True
model.4.blocks.0.short.norm.running_var	model.4.blocks.0.short.norm.running_var	True
model.4.blocks.0.short.norm.num_batches_tracked	model.4.blocks.0.short.norm.num_batches_tracked	True
model.4.blocks.0.branch2a.conv.weight	model.4.blocks.0.branch2a.conv.weight	True
model.4.blocks.0.branch2a.norm.weight	model.4.blocks.0.branch2a.norm.weight	True
model.4.blocks.0.branch2a.norm.bias	model.4.blocks.0.branch2a.norm.bias	True
model.4.blocks.0.branch2a.norm.running_mean	model.4.blocks.0.branch2a.norm.running_mean	True
model.4.blocks.0.branch2a.norm.running_var	model.4.blocks.0.branch2a.norm.running_var	True
model.4.blocks.0.branch2a.norm.num_batches_tracked	model.4.blocks.0.branch2a.norm.num_batches_tracked	True
model.4.blocks.0.branch2b.conv.weight	model.4.blocks.0.branch2b.conv.weight	True
model.4.blocks.0.branch2b.norm.weight	model.4.blocks.0.branch2b.norm.weight	True
model.4.blocks.0.branch2b.norm.bias	model.4.blocks.0.branch2b.norm.bias	True
model.4.blocks.0.branch2b.norm.running_mean	model.4.blocks.0.branch2b.norm.running_mean	True
model.4.blocks.0.branch2b.norm.running_var	model.4.blocks.0.branch2b.norm.running_var	True
model.4.blocks.0.branch2b.norm.num_batches_tracked	model.4.blocks.0.branch2b.norm.num_batches_tracked	True
model.4.blocks.1.branch2a.conv.weight	model.4.blocks.1.branch2a.conv.weight	True
model.4.blocks.1.branch2a.norm.weight	model.4.blocks.1.branch2a.norm.weight	True
model.4.blocks.1.branch2a.norm.bias	model.4.blocks.1.branch2a.norm.bias	True
model.4.blocks.1.branch2a.norm.running_mean	model.4.blocks.1.branch2a.norm.running_mean	True
model.4.blocks.1.branch2a.norm.running_var	model.4.blocks.1.branch2a.norm.running_var	True
model.4.blocks.1.branch2a.norm.num_batches_tracked	model.4.blocks.1.branch2a.norm.num_batches_tracked	True
model.4.blocks.1.branch2b.conv.weight	model.4.blocks.1.branch2b.conv.weight	True
model.4.blocks.1.branch2b.norm.weight	model.4.blocks.1.branch2b.norm.weight	True
model.4.blocks.1.branch2b.norm.bias	model.4.blocks.1.branch2b.norm.bias	True
model.4.blocks.1.branch2b.norm.running_mean	model.4.blocks.1.branch2b.norm.running_mean	True
model.4.blocks.1.branch2b.norm.running_var	model.4.blocks.1.branch2b.norm.running_var	True
model.4.blocks.1.branch2b.norm.num_batches_tracked	model.4.blocks.1.branch2b.norm.num_batches_tracked	True
model.5.blocks.0.short.conv.conv.weight	model.5.blocks.0.short.conv.conv.weight	True
model.5.blocks.0.short.conv.norm.weight	model.5.blocks.0.short.conv.norm.weight	True
model.5.blocks.0.short.conv.norm.bias	model.5.blocks.0.short.conv.norm.bias	True
model.5.blocks.0.short.conv.norm.running_mean	model.5.blocks.0.short.conv.norm.running_mean	True
model.5.blocks.0.short.conv.norm.running_var	model.5.blocks.0.short.conv.norm.running_var	True
model.5.blocks.0.short.conv.norm.num_batches_tracked	model.5.blocks.0.short.conv.norm.num_batches_tracked	True
model.5.blocks.0.branch2a.conv.weight	model.5.blocks.0.branch2a.conv.weight	True
model.5.blocks.0.branch2a.norm.weight	model.5.blocks.0.branch2a.norm.weight	True
model.5.blocks.0.branch2a.norm.bias	model.5.blocks.0.branch2a.norm.bias	True
model.5.blocks.0.branch2a.norm.running_mean	model.5.blocks.0.branch2a.norm.running_mean	True
model.5.blocks.0.branch2a.norm.running_var	model.5.blocks.0.branch2a.norm.running_var	True
model.5.blocks.0.branch2a.norm.num_batches_tracked	model.5.blocks.0.branch2a.norm.num_batches_tracked	True
model.5.blocks.0.branch2b.conv.weight	model.5.blocks.0.branch2b.conv.weight	True
model.5.blocks.0.branch2b.norm.weight	model.5.blocks.0.branch2b.norm.weight	True
model.5.blocks.0.branch2b.norm.bias	model.5.blocks.0.branch2b.norm.bias	True
model.5.blocks.0.branch2b.norm.running_mean	model.5.blocks.0.branch2b.norm.running_mean	True
model.5.blocks.0.branch2b.norm.running_var	model.5.blocks.0.branch2b.norm.running_var	True
model.5.blocks.0.branch2b.norm.num_batches_tracked	model.5.blocks.0.branch2b.norm.num_batches_tracked	True
model.5.blocks.1.branch2a.conv.weight	model.5.blocks.1.branch2a.conv.weight	True
model.5.blocks.1.branch2a.norm.weight	model.5.blocks.1.branch2a.norm.weight	True
model.5.blocks.1.branch2a.norm.bias	model.5.blocks.1.branch2a.norm.bias	True
model.5.blocks.1.branch2a.norm.running_mean	model.5.blocks.1.branch2a.norm.running_mean	True
model.5.blocks.1.branch2a.norm.running_var	model.5.blocks.1.branch2a.norm.running_var	True
model.5.blocks.1.branch2a.norm.num_batches_tracked	model.5.blocks.1.branch2a.norm.num_batches_tracked	True
model.5.blocks.1.branch2b.conv.weight	model.5.blocks.1.branch2b.conv.weight	True
model.5.blocks.1.branch2b.norm.weight	model.5.blocks.1.branch2b.norm.weight	True
model.5.blocks.1.branch2b.norm.bias	model.5.blocks.1.branch2b.norm.bias	True
model.5.blocks.1.branch2b.norm.running_mean	model.5.blocks.1.branch2b.norm.running_mean	True
model.5.blocks.1.branch2b.norm.running_var	model.5.blocks.1.branch2b.norm.running_var	True
model.5.blocks.1.branch2b.norm.num_batches_tracked	model.5.blocks.1.branch2b.norm.num_batches_tracked	True
model.6.blocks.0.short.conv.conv.weight	model.6.blocks.0.short.conv.conv.weight	True
model.6.blocks.0.short.conv.norm.weight	model.6.blocks.0.short.conv.norm.weight	True
model.6.blocks.0.short.conv.norm.bias	model.6.blocks.0.short.conv.norm.bias	True
model.6.blocks.0.short.conv.norm.running_mean	model.6.blocks.0.short.conv.norm.running_mean	True
model.6.blocks.0.short.conv.norm.running_var	model.6.blocks.0.short.conv.norm.running_var	True
model.6.blocks.0.short.conv.norm.num_batches_tracked	model.6.blocks.0.short.conv.norm.num_batches_tracked	True
model.6.blocks.0.branch2a.conv.weight	model.6.blocks.0.branch2a.conv.weight	True
model.6.blocks.0.branch2a.norm.weight	model.6.blocks.0.branch2a.norm.weight	True
model.6.blocks.0.branch2a.norm.bias	model.6.blocks.0.branch2a.norm.bias	True
model.6.blocks.0.branch2a.norm.running_mean	model.6.blocks.0.branch2a.norm.running_mean	True
model.6.blocks.0.branch2a.norm.running_var	model.6.blocks.0.branch2a.norm.running_var	True
model.6.blocks.0.branch2a.norm.num_batches_tracked	model.6.blocks.0.branch2a.norm.num_batches_tracked	True
model.6.blocks.0.branch2b.conv.weight	model.6.blocks.0.branch2b.conv.weight	True
model.6.blocks.0.branch2b.norm.weight	model.6.blocks.0.branch2b.norm.weight	True
model.6.blocks.0.branch2b.norm.bias	model.6.blocks.0.branch2b.norm.bias	True
model.6.blocks.0.branch2b.norm.running_mean	model.6.blocks.0.branch2b.norm.running_mean	True
model.6.blocks.0.branch2b.norm.running_var	model.6.blocks.0.branch2b.norm.running_var	True
model.6.blocks.0.branch2b.norm.num_batches_tracked	model.6.blocks.0.branch2b.norm.num_batches_tracked	True
model.6.blocks.1.branch2a.conv.weight	model.6.blocks.1.branch2a.conv.weight	True
model.6.blocks.1.branch2a.norm.weight	model.6.blocks.1.branch2a.norm.weight	True
model.6.blocks.1.branch2a.norm.bias	model.6.blocks.1.branch2a.norm.bias	True
model.6.blocks.1.branch2a.norm.running_mean	model.6.blocks.1.branch2a.norm.running_mean	True
model.6.blocks.1.branch2a.norm.running_var	model.6.blocks.1.branch2a.norm.running_var	True
model.6.blocks.1.branch2a.norm.num_batches_tracked	model.6.blocks.1.branch2a.norm.num_batches_tracked	True
model.6.blocks.1.branch2b.conv.weight	model.6.blocks.1.branch2b.conv.weight	True
model.6.blocks.1.branch2b.norm.weight	model.6.blocks.1.branch2b.norm.weight	True
model.6.blocks.1.branch2b.norm.bias	model.6.blocks.1.branch2b.norm.bias	True
model.6.blocks.1.branch2b.norm.running_mean	model.6.blocks.1.branch2b.norm.running_mean	True
model.6.blocks.1.branch2b.norm.running_var	model.6.blocks.1.branch2b.norm.running_var	True
model.6.blocks.1.branch2b.norm.num_batches_tracked	model.6.blocks.1.branch2b.norm.num_batches_tracked	True
model.7.blocks.0.short.conv.conv.weight	model.7.blocks.0.short.conv.conv.weight	True
model.7.blocks.0.short.conv.norm.weight	model.7.blocks.0.short.conv.norm.weight	True
model.7.blocks.0.short.conv.norm.bias	model.7.blocks.0.short.conv.norm.bias	True
model.7.blocks.0.short.conv.norm.running_mean	model.7.blocks.0.short.conv.norm.running_mean	True
model.7.blocks.0.short.conv.norm.running_var	model.7.blocks.0.short.conv.norm.running_var	True
model.7.blocks.0.short.conv.norm.num_batches_tracked	model.7.blocks.0.short.conv.norm.num_batches_tracked	True
model.7.blocks.0.branch2a.conv.weight	model.7.blocks.0.branch2a.conv.weight	True
model.7.blocks.0.branch2a.norm.weight	model.7.blocks.0.branch2a.norm.weight	True
model.7.blocks.0.branch2a.norm.bias	model.7.blocks.0.branch2a.norm.bias	True
model.7.blocks.0.branch2a.norm.running_mean	model.7.blocks.0.branch2a.norm.running_mean	True
model.7.blocks.0.branch2a.norm.running_var	model.7.blocks.0.branch2a.norm.running_var	True
model.7.blocks.0.branch2a.norm.num_batches_tracked	model.7.blocks.0.branch2a.norm.num_batches_tracked	True
model.7.blocks.0.branch2b.conv.weight	model.7.blocks.0.branch2b.conv.weight	True
model.7.blocks.0.branch2b.norm.weight	model.7.blocks.0.branch2b.norm.weight	True
model.7.blocks.0.branch2b.norm.bias	model.7.blocks.0.branch2b.norm.bias	True
model.7.blocks.0.branch2b.norm.running_mean	model.7.blocks.0.branch2b.norm.running_mean	True
model.7.blocks.0.branch2b.norm.running_var	model.7.blocks.0.branch2b.norm.running_var	True
model.7.blocks.0.branch2b.norm.num_batches_tracked	model.7.blocks.0.branch2b.norm.num_batches_tracked	True
model.7.blocks.1.branch2a.conv.weight	model.7.blocks.1.branch2a.conv.weight	True
model.7.blocks.1.branch2a.norm.weight	model.7.blocks.1.branch2a.norm.weight	True
model.7.blocks.1.branch2a.norm.bias	model.7.blocks.1.branch2a.norm.bias	True
model.7.blocks.1.branch2a.norm.running_mean	model.7.blocks.1.branch2a.norm.running_mean	True
model.7.blocks.1.branch2a.norm.running_var	model.7.blocks.1.branch2a.norm.running_var	True
model.7.blocks.1.branch2a.norm.num_batches_tracked	model.7.blocks.1.branch2a.norm.num_batches_tracked	True
model.7.blocks.1.branch2b.conv.weight	model.7.blocks.1.branch2b.conv.weight	True
model.7.blocks.1.branch2b.norm.weight	model.7.blocks.1.branch2b.norm.weight	True
model.7.blocks.1.branch2b.norm.bias	model.7.blocks.1.branch2b.norm.bias	True
model.7.blocks.1.branch2b.norm.running_mean	model.7.blocks.1.branch2b.norm.running_mean	True
model.7.blocks.1.branch2b.norm.running_var	model.7.blocks.1.branch2b.norm.running_var	True
model.7.blocks.1.branch2b.norm.num_batches_tracked	model.7.blocks.1.branch2b.norm.num_batches_tracked	True
model.8.conv.weight	model.8.conv.weight	True
model.8.bn.weight	model.8.bn.weight	True
model.8.bn.bias	model.8.bn.bias	True
model.8.bn.running_mean	model.8.bn.running_mean	True
model.8.bn.running_var	model.8.bn.running_var	True
model.8.bn.num_batches_tracked	model.8.bn.num_batches_tracked	True
model.9.ma.in_proj_weight	model.9.ma.in_proj_weight	True
model.9.ma.in_proj_bias	model.9.ma.in_proj_bias	True
model.9.ma.out_proj.weight	model.9.ma.out_proj.weight	True
model.9.ma.out_proj.bias	model.9.ma.out_proj.bias	True
model.9.fc1.weight	model.9.fc1.weight	True
model.9.fc1.bias	model.9.fc1.bias	True
model.9.fc2.weight	model.9.fc2.weight	True
model.9.fc2.bias	model.9.fc2.bias	True
model.9.norm1.weight	model.9.norm1.weight	True
model.9.norm1.bias	model.9.norm1.bias	True
model.9.norm2.weight	model.9.norm2.weight	True
model.9.norm2.bias	model.9.norm2.bias	True
model.10.conv.weight	model.10.conv.weight	True
model.10.bn.weight	model.10.bn.weight	True
model.10.bn.bias	model.10.bn.bias	True
model.10.bn.running_mean	model.10.bn.running_mean	True
model.10.bn.running_var	model.10.bn.running_var	True
model.10.bn.num_batches_tracked	model.10.bn.num_batches_tracked	True
model.12.conv.weight	model.12.conv.weight	True
model.12.bn.weight	model.12.bn.weight	True
model.12.bn.bias	model.12.bn.bias	True
model.12.bn.running_mean	model.12.bn.running_mean	True
model.12.bn.running_var	model.12.bn.running_var	True
model.12.bn.num_batches_tracked	model.12.bn.num_batches_tracked	True
model.14.cv1.conv.weight	model.14.cv1.conv.weight	True
model.14.cv1.bn.weight	model.14.cv1.bn.weight	True
model.14.cv1.bn.bias	model.14.cv1.bn.bias	True
model.14.cv1.bn.running_mean	model.14.cv1.bn.running_mean	True
model.14.cv1.bn.running_var	model.14.cv1.bn.running_var	True
model.14.cv1.bn.num_batches_tracked	model.14.cv1.bn.num_batches_tracked	True
model.14.cv2.conv.weight	model.14.cv2.conv.weight	True
model.14.cv2.bn.weight	model.14.cv2.bn.weight	True
model.14.cv2.bn.bias	model.14.cv2.bn.bias	True
model.14.cv2.bn.running_mean	model.14.cv2.bn.running_mean	True
model.14.cv2.bn.running_var	model.14.cv2.bn.running_var	True
model.14.cv2.bn.num_batches_tracked	model.14.cv2.bn.num_batches_tracked	True
model.14.m.0.conv1.conv.weight	model.14.m.0.conv1.conv.weight	True
model.14.m.0.conv1.bn.weight	model.14.m.0.conv1.bn.weight	True
model.14.m.0.conv1.bn.bias	model.14.m.0.conv1.bn.bias	True
model.14.m.0.conv1.bn.running_mean	model.14.m.0.conv1.bn.running_mean	True
model.14.m.0.conv1.bn.running_var	model.14.m.0.conv1.bn.running_var	True
model.14.m.0.conv1.bn.num_batches_tracked	model.14.m.0.conv1.bn.num_batches_tracked	True
model.14.m.0.conv2.conv.weight	model.14.m.0.conv2.conv.weight	True
model.14.m.0.conv2.bn.weight	model.14.m.0.conv2.bn.weight	True
model.14.m.0.conv2.bn.bias	model.14.m.0.conv2.bn.bias	True
model.14.m.0.conv2.bn.running_mean	model.14.m.0.conv2.bn.running_mean	True
model.14.m.0.conv2.bn.running_var	model.14.m.0.conv2.bn.running_var	True
model.14.m.0.conv2.bn.num_batches_tracked	model.14.m.0.conv2.bn.num_batches_tracked	True
model.14.m.1.conv1.conv.weight	model.14.m.1.conv1.conv.weight	True
model.14.m.1.conv1.bn.weight	model.14.m.1.conv1.bn.weight	True
model.14.m.1.conv1.bn.bias	model.14.m.1.conv1.bn.bias	True
model.14.m.1.conv1.bn.running_mean	model.14.m.1.conv1.bn.running_mean	True
model.14.m.1.conv1.bn.running_var	model.14.m.1.conv1.bn.running_var	True
model.14.m.1.conv1.bn.num_batches_tracked	model.14.m.1.conv1.bn.num_batches_tracked	True
model.14.m.1.conv2.conv.weight	model.14.m.1.conv2.conv.weight	True
model.14.m.1.conv2.bn.weight	model.14.m.1.conv2.bn.weight	True
model.14.m.1.conv2.bn.bias	model.14.m.1.conv2.bn.bias	True
model.14.m.1.conv2.bn.running_mean	model.14.m.1.conv2.bn.running_mean	True
model.14.m.1.conv2.bn.running_var	model.14.m.1.conv2.bn.running_var	True
model.14.m.1.conv2.bn.num_batches_tracked	model.14.m.1.conv2.bn.num_batches_tracked	True
model.14.m.2.conv1.conv.weight	model.14.m.2.conv1.conv.weight	True
model.14.m.2.conv1.bn.weight	model.14.m.2.conv1.bn.weight	True
model.14.m.2.conv1.bn.bias	model.14.m.2.conv1.bn.bias	True
model.14.m.2.conv1.bn.running_mean	model.14.m.2.conv1.bn.running_mean	True
model.14.m.2.conv1.bn.running_var	model.14.m.2.conv1.bn.running_var	True
model.14.m.2.conv1.bn.num_batches_tracked	model.14.m.2.conv1.bn.num_batches_tracked	True
model.14.m.2.conv2.conv.weight	model.14.m.2.conv2.conv.weight	True
model.14.m.2.conv2.bn.weight	model.14.m.2.conv2.bn.weight	True
model.14.m.2.conv2.bn.bias	model.14.m.2.conv2.bn.bias	True
model.14.m.2.conv2.bn.running_mean	model.14.m.2.conv2.bn.running_mean	True
model.14.m.2.conv2.bn.running_var	model.14.m.2.conv2.bn.running_var	True
model.14.m.2.conv2.bn.num_batches_tracked	model.14.m.2.conv2.bn.num_batches_tracked	True
model.14.cv3.conv.weight	model.14.cv3.conv.weight	True
model.14.cv3.bn.weight	model.14.cv3.bn.weight	True
model.14.cv3.bn.bias	model.14.cv3.bn.bias	True
model.14.cv3.bn.running_mean	model.14.cv3.bn.running_mean	True
model.14.cv3.bn.running_var	model.14.cv3.bn.running_var	True
model.14.cv3.bn.num_batches_tracked	model.14.cv3.bn.num_batches_tracked	True
model.15.conv.weight	model.15.conv.weight	True
model.15.bn.weight	model.15.bn.weight	True
model.15.bn.bias	model.15.bn.bias	True
model.15.bn.running_mean	model.15.bn.running_mean	True
model.15.bn.running_var	model.15.bn.running_var	True
model.15.bn.num_batches_tracked	model.15.bn.num_batches_tracked	True
model.17.conv.weight	model.17.conv.weight	True
model.17.bn.weight	model.17.bn.weight	True
model.17.bn.bias	model.17.bn.bias	True
model.17.bn.running_mean	model.17.bn.running_mean	True
model.17.bn.running_var	model.17.bn.running_var	True
model.17.bn.num_batches_tracked	model.17.bn.num_batches_tracked	True
model.19.cv1.conv.weight	model.20.cv1.conv.weight	True
model.19.cv1.bn.weight	model.20.cv1.bn.weight	True
model.19.cv1.bn.bias	model.20.cv1.bn.bias	True
model.19.cv1.bn.running_mean	model.20.cv1.bn.running_mean	True
model.19.cv1.bn.running_var	model.20.cv1.bn.running_var	True
model.19.cv1.bn.num_batches_tracked	model.20.cv1.bn.num_batches_tracked	True
model.19.cv2.conv.weight	model.20.cv2.conv.weight	True
model.19.cv2.bn.weight	model.20.cv2.bn.weight	True
model.19.cv2.bn.bias	model.20.cv2.bn.bias	True
model.19.cv2.bn.running_mean	model.20.cv2.bn.running_mean	True
model.19.cv2.bn.running_var	model.20.cv2.bn.running_var	True
model.19.cv2.bn.num_batches_tracked	model.20.cv2.bn.num_batches_tracked	True
model.19.m.0.conv1.conv.weight	model.20.m.0.conv1.conv.weight	True
model.19.m.0.conv1.bn.weight	model.20.m.0.conv1.bn.weight	True
model.19.m.0.conv1.bn.bias	model.20.m.0.conv1.bn.bias	True
model.19.m.0.conv1.bn.running_mean	model.20.m.0.conv1.bn.running_mean	True
model.19.m.0.conv1.bn.running_var	model.20.m.0.conv1.bn.running_var	True
model.19.m.0.conv1.bn.num_batches_tracked	model.20.m.0.conv1.bn.num_batches_tracked	True
model.19.m.0.conv2.conv.weight	model.20.m.0.conv2.conv.weight	True
model.19.m.0.conv2.bn.weight	model.20.m.0.conv2.bn.weight	True
model.19.m.0.conv2.bn.bias	model.20.m.0.conv2.bn.bias	True
model.19.m.0.conv2.bn.running_mean	model.20.m.0.conv2.bn.running_mean	True
model.19.m.0.conv2.bn.running_var	model.20.m.0.conv2.bn.running_var	True
model.19.m.0.conv2.bn.num_batches_tracked	model.20.m.0.conv2.bn.num_batches_tracked	True
model.19.m.1.conv1.conv.weight	model.20.m.1.conv1.conv.weight	True
model.19.m.1.conv1.bn.weight	model.20.m.1.conv1.bn.weight	True
model.19.m.1.conv1.bn.bias	model.20.m.1.conv1.bn.bias	True
model.19.m.1.conv1.bn.running_mean	model.20.m.1.conv1.bn.running_mean	True
model.19.m.1.conv1.bn.running_var	model.20.m.1.conv1.bn.running_var	True
model.19.m.1.conv1.bn.num_batches_tracked	model.20.m.1.conv1.bn.num_batches_tracked	True
model.19.m.1.conv2.conv.weight	model.20.m.1.conv2.conv.weight	True
model.19.m.1.conv2.bn.weight	model.20.m.1.conv2.bn.weight	True
model.19.m.1.conv2.bn.bias	model.20.m.1.conv2.bn.bias	True
model.19.m.1.conv2.bn.running_mean	model.20.m.1.conv2.bn.running_mean	True
model.19.m.1.conv2.bn.running_var	model.20.m.1.conv2.bn.running_var	True
model.19.m.1.conv2.bn.num_batches_tracked	model.20.m.1.conv2.bn.num_batches_tracked	True
model.19.m.2.conv1.conv.weight	model.20.m.2.conv1.conv.weight	True
model.19.m.2.conv1.bn.weight	model.20.m.2.conv1.bn.weight	True
model.19.m.2.conv1.bn.bias	model.20.m.2.conv1.bn.bias	True
model.19.m.2.conv1.bn.running_mean	model.20.m.2.conv1.bn.running_mean	True
model.19.m.2.conv1.bn.running_var	model.20.m.2.conv1.bn.running_var	True
model.19.m.2.conv1.bn.num_batches_tracked	model.20.m.2.conv1.bn.num_batches_tracked	True
model.19.m.2.conv2.conv.weight	model.20.m.2.conv2.conv.weight	True
model.19.m.2.conv2.bn.weight	model.20.m.2.conv2.bn.weight	True
model.19.m.2.conv2.bn.bias	model.20.m.2.conv2.bn.bias	True
model.19.m.2.conv2.bn.running_mean	model.20.m.2.conv2.bn.running_mean	True
model.19.m.2.conv2.bn.running_var	model.20.m.2.conv2.bn.running_var	True
model.19.m.2.conv2.bn.num_batches_tracked	model.20.m.2.conv2.bn.num_batches_tracked	True
model.19.cv3.conv.weight	model.20.cv3.conv.weight	True
model.19.cv3.bn.weight	model.20.cv3.bn.weight	True
model.19.cv3.bn.bias	model.20.cv3.bn.bias	True
model.19.cv3.bn.running_mean	model.20.cv3.bn.running_mean	True
model.19.cv3.bn.running_var	model.20.cv3.bn.running_var	True
model.19.cv3.bn.num_batches_tracked	model.20.cv3.bn.num_batches_tracked	True
model.20.conv.weight	model.21.conv.weight	True
model.20.bn.weight	model.21.bn.weight	True
model.20.bn.bias	model.21.bn.bias	True
model.20.bn.running_mean	model.21.bn.running_mean	True
model.20.bn.running_var	model.21.bn.running_var	True
model.20.bn.num_batches_tracked	model.21.bn.num_batches_tracked	True
model.22.cv1.conv.weight	model.23.cv1.conv.weight	True
model.22.cv1.bn.weight	model.23.cv1.bn.weight	True
model.22.cv1.bn.bias	model.23.cv1.bn.bias	True
model.22.cv1.bn.running_mean	model.23.cv1.bn.running_mean	True
model.22.cv1.bn.running_var	model.23.cv1.bn.running_var	True
model.22.cv1.bn.num_batches_tracked	model.23.cv1.bn.num_batches_tracked	True
model.22.cv2.conv.weight	model.23.cv2.conv.weight	True
model.22.cv2.bn.weight	model.23.cv2.bn.weight	True
model.22.cv2.bn.bias	model.23.cv2.bn.bias	True
model.22.cv2.bn.running_mean	model.23.cv2.bn.running_mean	True
model.22.cv2.bn.running_var	model.23.cv2.bn.running_var	True
model.22.cv2.bn.num_batches_tracked	model.23.cv2.bn.num_batches_tracked	True
model.22.m.0.conv1.conv.weight	model.23.m.0.conv1.conv.weight	True
model.22.m.0.conv1.bn.weight	model.23.m.0.conv1.bn.weight	True
model.22.m.0.conv1.bn.bias	model.23.m.0.conv1.bn.bias	True
model.22.m.0.conv1.bn.running_mean	model.23.m.0.conv1.bn.running_mean	True
model.22.m.0.conv1.bn.running_var	model.23.m.0.conv1.bn.running_var	True
model.22.m.0.conv1.bn.num_batches_tracked	model.23.m.0.conv1.bn.num_batches_tracked	True
model.22.m.0.conv2.conv.weight	model.23.m.0.conv2.conv.weight	True
model.22.m.0.conv2.bn.weight	model.23.m.0.conv2.bn.weight	True
model.22.m.0.conv2.bn.bias	model.23.m.0.conv2.bn.bias	True
model.22.m.0.conv2.bn.running_mean	model.23.m.0.conv2.bn.running_mean	True
model.22.m.0.conv2.bn.running_var	model.23.m.0.conv2.bn.running_var	True
model.22.m.0.conv2.bn.num_batches_tracked	model.23.m.0.conv2.bn.num_batches_tracked	True
model.22.m.1.conv1.conv.weight	model.23.m.1.conv1.conv.weight	True
model.22.m.1.conv1.bn.weight	model.23.m.1.conv1.bn.weight	True
model.22.m.1.conv1.bn.bias	model.23.m.1.conv1.bn.bias	True
model.22.m.1.conv1.bn.running_mean	model.23.m.1.conv1.bn.running_mean	True
model.22.m.1.conv1.bn.running_var	model.23.m.1.conv1.bn.running_var	True
model.22.m.1.conv1.bn.num_batches_tracked	model.23.m.1.conv1.bn.num_batches_tracked	True
model.22.m.1.conv2.conv.weight	model.23.m.1.conv2.conv.weight	True
model.22.m.1.conv2.bn.weight	model.23.m.1.conv2.bn.weight	True
model.22.m.1.conv2.bn.bias	model.23.m.1.conv2.bn.bias	True
model.22.m.1.conv2.bn.running_mean	model.23.m.1.conv2.bn.running_mean	True
model.22.m.1.conv2.bn.running_var	model.23.m.1.conv2.bn.running_var	True
model.22.m.1.conv2.bn.num_batches_tracked	model.23.m.1.conv2.bn.num_batches_tracked	True
model.22.m.2.conv1.conv.weight	model.23.m.2.conv1.conv.weight	True
model.22.m.2.conv1.bn.weight	model.23.m.2.conv1.bn.weight	True
model.22.m.2.conv1.bn.bias	model.23.m.2.conv1.bn.bias	True
model.22.m.2.conv1.bn.running_mean	model.23.m.2.conv1.bn.running_mean	True
model.22.m.2.conv1.bn.running_var	model.23.m.2.conv1.bn.running_var	True
model.22.m.2.conv1.bn.num_batches_tracked	model.23.m.2.conv1.bn.num_batches_tracked	True
model.22.m.2.conv2.conv.weight	model.23.m.2.conv2.conv.weight	True
model.22.m.2.conv2.bn.weight	model.23.m.2.conv2.bn.weight	True
model.22.m.2.conv2.bn.bias	model.23.m.2.conv2.bn.bias	True
model.22.m.2.conv2.bn.running_mean	model.23.m.2.conv2.bn.running_mean	True
model.22.m.2.conv2.bn.running_var	model.23.m.2.conv2.bn.running_var	True
model.22.m.2.conv2.bn.num_batches_tracked	model.23.m.2.conv2.bn.num_batches_tracked	True
model.22.cv3.conv.weight	model.23.cv3.conv.weight	True
model.22.cv3.bn.weight	model.23.cv3.bn.weight	True
model.22.cv3.bn.bias	model.23.cv3.bn.bias	True
model.22.cv3.bn.running_mean	model.23.cv3.bn.running_mean	True
model.22.cv3.bn.running_var	model.23.cv3.bn.running_var	True
model.22.cv3.bn.num_batches_tracked	model.23.cv3.bn.num_batches_tracked	True
model.23.conv.weight	model.24.conv.weight	True
model.23.bn.weight	model.24.bn.weight	True
model.23.bn.bias	model.24.bn.bias	True
model.23.bn.running_mean	model.24.bn.running_mean	True
model.23.bn.running_var	model.24.bn.running_var	True
model.23.bn.num_batches_tracked	model.24.bn.num_batches_tracked	True
model.25.cv1.conv.weight	model.26.cv1.conv.weight	True
model.25.cv1.bn.weight	model.26.cv1.bn.weight	True
model.25.cv1.bn.bias	model.26.cv1.bn.bias	True
model.25.cv1.bn.running_mean	model.26.cv1.bn.running_mean	True
model.25.cv1.bn.running_var	model.26.cv1.bn.running_var	True
model.25.cv1.bn.num_batches_tracked	model.26.cv1.bn.num_batches_tracked	True
model.25.cv2.conv.weight	model.26.cv2.conv.weight	True
model.25.cv2.bn.weight	model.26.cv2.bn.weight	True
model.25.cv2.bn.bias	model.26.cv2.bn.bias	True
model.25.cv2.bn.running_mean	model.26.cv2.bn.running_mean	True
model.25.cv2.bn.running_var	model.26.cv2.bn.running_var	True
model.25.cv2.bn.num_batches_tracked	model.26.cv2.bn.num_batches_tracked	True
model.25.m.0.conv1.conv.weight	model.26.m.0.conv1.conv.weight	True
model.25.m.0.conv1.bn.weight	model.26.m.0.conv1.bn.weight	True
model.25.m.0.conv1.bn.bias	model.26.m.0.conv1.bn.bias	True
model.25.m.0.conv1.bn.running_mean	model.26.m.0.conv1.bn.running_mean	True
model.25.m.0.conv1.bn.running_var	model.26.m.0.conv1.bn.running_var	True
model.25.m.0.conv1.bn.num_batches_tracked	model.26.m.0.conv1.bn.num_batches_tracked	True
model.25.m.0.conv2.conv.weight	model.26.m.0.conv2.conv.weight	True
model.25.m.0.conv2.bn.weight	model.26.m.0.conv2.bn.weight	True
model.25.m.0.conv2.bn.bias	model.26.m.0.conv2.bn.bias	True
model.25.m.0.conv2.bn.running_mean	model.26.m.0.conv2.bn.running_mean	True
model.25.m.0.conv2.bn.running_var	model.26.m.0.conv2.bn.running_var	True
model.25.m.0.conv2.bn.num_batches_tracked	model.26.m.0.conv2.bn.num_batches_tracked	True
model.25.m.1.conv1.conv.weight	model.26.m.1.conv1.conv.weight	True
model.25.m.1.conv1.bn.weight	model.26.m.1.conv1.bn.weight	True
model.25.m.1.conv1.bn.bias	model.26.m.1.conv1.bn.bias	True
model.25.m.1.conv1.bn.running_mean	model.26.m.1.conv1.bn.running_mean	True
model.25.m.1.conv1.bn.running_var	model.26.m.1.conv1.bn.running_var	True
model.25.m.1.conv1.bn.num_batches_tracked	model.26.m.1.conv1.bn.num_batches_tracked	True
model.25.m.1.conv2.conv.weight	model.26.m.1.conv2.conv.weight	True
model.25.m.1.conv2.bn.weight	model.26.m.1.conv2.bn.weight	True
model.25.m.1.conv2.bn.bias	model.26.m.1.conv2.bn.bias	True
model.25.m.1.conv2.bn.running_mean	model.26.m.1.conv2.bn.running_mean	True
model.25.m.1.conv2.bn.running_var	model.26.m.1.conv2.bn.running_var	True
model.25.m.1.conv2.bn.num_batches_tracked	model.26.m.1.conv2.bn.num_batches_tracked	True
model.25.m.2.conv1.conv.weight	model.26.m.2.conv1.conv.weight	True
model.25.m.2.conv1.bn.weight	model.26.m.2.conv1.bn.weight	True
model.25.m.2.conv1.bn.bias	model.26.m.2.conv1.bn.bias	True
model.25.m.2.conv1.bn.running_mean	model.26.m.2.conv1.bn.running_mean	True
model.25.m.2.conv1.bn.running_var	model.26.m.2.conv1.bn.running_var	True
model.25.m.2.conv1.bn.num_batches_tracked	model.26.m.2.conv1.bn.num_batches_tracked	True
model.25.m.2.conv2.conv.weight	model.26.m.2.conv2.conv.weight	True
model.25.m.2.conv2.bn.weight	model.26.m.2.conv2.bn.weight	True
model.25.m.2.conv2.bn.bias	model.26.m.2.conv2.bn.bias	True
model.25.m.2.conv2.bn.running_mean	model.26.m.2.conv2.bn.running_mean	True
model.25.m.2.conv2.bn.running_var	model.26.m.2.conv2.bn.running_var	True
model.25.m.2.conv2.bn.num_batches_tracked	model.26.m.2.conv2.bn.num_batches_tracked	True
model.25.cv3.conv.weight	model.26.cv3.conv.weight	True
model.25.cv3.bn.weight	model.26.cv3.bn.weight	True
model.25.cv3.bn.bias	model.26.cv3.bn.bias	True
model.25.cv3.bn.running_mean	model.26.cv3.bn.running_mean	True
model.25.cv3.bn.running_var	model.26.cv3.bn.running_var	True
model.25.cv3.bn.num_batches_tracked	model.26.cv3.bn.num_batches_tracked	True
model.26.input_proj.0.0.weight	model.27.input_proj.0.0.weight	True
model.26.input_proj.0.1.weight	model.27.input_proj.0.1.weight	True
model.26.input_proj.0.1.bias	model.27.input_proj.0.1.bias	True
model.26.input_proj.0.1.running_mean	model.27.input_proj.0.1.running_mean	True
model.26.input_proj.0.1.running_var	model.27.input_proj.0.1.running_var	True
model.26.input_proj.0.1.num_batches_tracked	model.27.input_proj.0.1.num_batches_tracked	True
model.26.input_proj.1.0.weight	model.27.input_proj.1.0.weight	True
model.26.input_proj.1.1.weight	model.27.input_proj.1.1.weight	True
model.26.input_proj.1.1.bias	model.27.input_proj.1.1.bias	True
model.26.input_proj.1.1.running_mean	model.27.input_proj.1.1.running_mean	True
model.26.input_proj.1.1.running_var	model.27.input_proj.1.1.running_var	True
model.26.input_proj.1.1.num_batches_tracked	model.27.input_proj.1.1.num_batches_tracked	True
model.26.input_proj.2.0.weight	model.27.input_proj.2.0.weight	True
model.26.input_proj.2.1.weight	model.27.input_proj.2.1.weight	True
model.26.input_proj.2.1.bias	model.27.input_proj.2.1.bias	True
model.26.input_proj.2.1.running_mean	model.27.input_proj.2.1.running_mean	True
model.26.input_proj.2.1.running_var	model.27.input_proj.2.1.running_var	True
model.26.input_proj.2.1.num_batches_tracked	model.27.input_proj.2.1.num_batches_tracked	True
model.26.decoder.layers.0.self_attn.in_proj_weight	model.27.decoder.layers.0.self_attn.in_proj_weight	True
model.26.decoder.layers.0.self_attn.in_proj_bias	model.27.decoder.layers.0.self_attn.in_proj_bias	True
model.26.decoder.layers.0.self_attn.out_proj.weight	model.27.decoder.layers.0.self_attn.out_proj.weight	True
model.26.decoder.layers.0.self_attn.out_proj.bias	model.27.decoder.layers.0.self_attn.out_proj.bias	True
model.26.decoder.layers.0.norm1.weight	model.27.decoder.layers.0.norm1.weight	True
model.26.decoder.layers.0.norm1.bias	model.27.decoder.layers.0.norm1.bias	True
model.26.decoder.layers.0.cross_attn.sampling_offsets.weight	model.27.decoder.layers.0.cross_attn.sampling_offsets.weight	True
model.26.decoder.layers.0.cross_attn.sampling_offsets.bias	model.27.decoder.layers.0.cross_attn.sampling_offsets.bias	True
model.26.decoder.layers.0.cross_attn.attention_weights.weight	model.27.decoder.layers.0.cross_attn.attention_weights.weight	True
model.26.decoder.layers.0.cross_attn.attention_weights.bias	model.27.decoder.layers.0.cross_attn.attention_weights.bias	True
model.26.decoder.layers.0.cross_attn.value_proj.weight	model.27.decoder.layers.0.cross_attn.value_proj.weight	True
model.26.decoder.layers.0.cross_attn.value_proj.bias	model.27.decoder.layers.0.cross_attn.value_proj.bias	True
model.26.decoder.layers.0.cross_attn.output_proj.weight	model.27.decoder.layers.0.cross_attn.output_proj.weight	True
model.26.decoder.layers.0.cross_attn.output_proj.bias	model.27.decoder.layers.0.cross_attn.output_proj.bias	True
model.26.decoder.layers.0.norm2.weight	model.27.decoder.layers.0.norm2.weight	True
model.26.decoder.layers.0.norm2.bias	model.27.decoder.layers.0.norm2.bias	True
model.26.decoder.layers.0.linear1.weight	model.27.decoder.layers.0.linear1.weight	True
model.26.decoder.layers.0.linear1.bias	model.27.decoder.layers.0.linear1.bias	True
model.26.decoder.layers.0.linear2.weight	model.27.decoder.layers.0.linear2.weight	True
model.26.decoder.layers.0.linear2.bias	model.27.decoder.layers.0.linear2.bias	True
model.26.decoder.layers.0.norm3.weight	model.27.decoder.layers.0.norm3.weight	True
model.26.decoder.layers.0.norm3.bias	model.27.decoder.layers.0.norm3.bias	True
model.26.decoder.layers.1.self_attn.in_proj_weight	model.27.decoder.layers.1.self_attn.in_proj_weight	True
model.26.decoder.layers.1.self_attn.in_proj_bias	model.27.decoder.layers.1.self_attn.in_proj_bias	True
model.26.decoder.layers.1.self_attn.out_proj.weight	model.27.decoder.layers.1.self_attn.out_proj.weight	True
model.26.decoder.layers.1.self_attn.out_proj.bias	model.27.decoder.layers.1.self_attn.out_proj.bias	True
model.26.decoder.layers.1.norm1.weight	model.27.decoder.layers.1.norm1.weight	True
model.26.decoder.layers.1.norm1.bias	model.27.decoder.layers.1.norm1.bias	True
model.26.decoder.layers.1.cross_attn.sampling_offsets.weight	model.27.decoder.layers.1.cross_attn.sampling_offsets.weight	True
model.26.decoder.layers.1.cross_attn.sampling_offsets.bias	model.27.decoder.layers.1.cross_attn.sampling_offsets.bias	True
model.26.decoder.layers.1.cross_attn.attention_weights.weight	model.27.decoder.layers.1.cross_attn.attention_weights.weight	True
model.26.decoder.layers.1.cross_attn.attention_weights.bias	model.27.decoder.layers.1.cross_attn.attention_weights.bias	True
model.26.decoder.layers.1.cross_attn.value_proj.weight	model.27.decoder.layers.1.cross_attn.value_proj.weight	True
model.26.decoder.layers.1.cross_attn.value_proj.bias	model.27.decoder.layers.1.cross_attn.value_proj.bias	True
model.26.decoder.layers.1.cross_attn.output_proj.weight	model.27.decoder.layers.1.cross_attn.output_proj.weight	True
model.26.decoder.layers.1.cross_attn.output_proj.bias	model.27.decoder.layers.1.cross_attn.output_proj.bias	True
model.26.decoder.layers.1.norm2.weight	model.27.decoder.layers.1.norm2.weight	True
model.26.decoder.layers.1.norm2.bias	model.27.decoder.layers.1.norm2.bias	True
model.26.decoder.layers.1.linear1.weight	model.27.decoder.layers.1.linear1.weight	True
model.26.decoder.layers.1.linear1.bias	model.27.decoder.layers.1.linear1.bias	True
model.26.decoder.layers.1.linear2.weight	model.27.decoder.layers.1.linear2.weight	True
model.26.decoder.layers.1.linear2.bias	model.27.decoder.layers.1.linear2.bias	True
model.26.decoder.layers.1.norm3.weight	model.27.decoder.layers.1.norm3.weight	True
model.26.decoder.layers.1.norm3.bias	model.27.decoder.layers.1.norm3.bias	True
model.26.decoder.layers.2.self_attn.in_proj_weight	model.27.decoder.layers.2.self_attn.in_proj_weight	True
model.26.decoder.layers.2.self_attn.in_proj_bias	model.27.decoder.layers.2.self_attn.in_proj_bias	True
model.26.decoder.layers.2.self_attn.out_proj.weight	model.27.decoder.layers.2.self_attn.out_proj.weight	True
model.26.decoder.layers.2.self_attn.out_proj.bias	model.27.decoder.layers.2.self_attn.out_proj.bias	True
model.26.decoder.layers.2.norm1.weight	model.27.decoder.layers.2.norm1.weight	True
model.26.decoder.layers.2.norm1.bias	model.27.decoder.layers.2.norm1.bias	True
model.26.decoder.layers.2.cross_attn.sampling_offsets.weight	model.27.decoder.layers.2.cross_attn.sampling_offsets.weight	True
model.26.decoder.layers.2.cross_attn.sampling_offsets.bias	model.27.decoder.layers.2.cross_attn.sampling_offsets.bias	True
model.26.decoder.layers.2.cross_attn.attention_weights.weight	model.27.decoder.layers.2.cross_attn.attention_weights.weight	True
model.26.decoder.layers.2.cross_attn.attention_weights.bias	model.27.decoder.layers.2.cross_attn.attention_weights.bias	True
model.26.decoder.layers.2.cross_attn.value_proj.weight	model.27.decoder.layers.2.cross_attn.value_proj.weight	True
model.26.decoder.layers.2.cross_attn.value_proj.bias	model.27.decoder.layers.2.cross_attn.value_proj.bias	True
model.26.decoder.layers.2.cross_attn.output_proj.weight	model.27.decoder.layers.2.cross_attn.output_proj.weight	True
model.26.decoder.layers.2.cross_attn.output_proj.bias	model.27.decoder.layers.2.cross_attn.output_proj.bias	True
model.26.decoder.layers.2.norm2.weight	model.27.decoder.layers.2.norm2.weight	True
model.26.decoder.layers.2.norm2.bias	model.27.decoder.layers.2.norm2.bias	True
model.26.decoder.layers.2.linear1.weight	model.27.decoder.layers.2.linear1.weight	True
model.26.decoder.layers.2.linear1.bias	model.27.decoder.layers.2.linear1.bias	True
model.26.decoder.layers.2.linear2.weight	model.27.decoder.layers.2.linear2.weight	True
model.26.decoder.layers.2.linear2.bias	model.27.decoder.layers.2.linear2.bias	True
model.26.decoder.layers.2.norm3.weight	model.27.decoder.layers.2.norm3.weight	True
model.26.decoder.layers.2.norm3.bias	model.27.decoder.layers.2.norm3.bias	True
model.26.denoising_class_embed.weight	model.27.denoising_class_embed.weight	True
model.26.query_pos_head.layers.0.weight	model.27.query_pos_head.layers.0.weight	True
model.26.query_pos_head.layers.0.bias	model.27.query_pos_head.layers.0.bias	True
model.26.query_pos_head.layers.1.weight	model.27.query_pos_head.layers.1.weight	True
model.26.query_pos_head.layers.1.bias	model.27.query_pos_head.layers.1.bias	True
model.26.enc_output.0.weight	model.27.enc_output.0.weight	True
model.26.enc_output.0.bias	model.27.enc_output.0.bias	True
model.26.enc_output.1.weight	model.27.enc_output.1.weight	True
model.26.enc_output.1.bias	model.27.enc_output.1.bias	True
model.26.enc_score_head.weight	model.27.enc_score_head.weight	True
model.26.enc_score_head.bias	model.27.enc_score_head.bias	True
model.26.enc_bbox_head.layers.0.weight	model.27.enc_bbox_head.layers.0.weight	True
model.26.enc_bbox_head.layers.0.bias	model.27.enc_bbox_head.layers.0.bias	True
model.26.enc_bbox_head.layers.1.weight	model.27.enc_bbox_head.layers.1.weight	True
model.26.enc_bbox_head.layers.1.bias	model.27.enc_bbox_head.layers.1.bias	True
model.26.enc_bbox_head.layers.2.weight	model.27.enc_bbox_head.layers.2.weight	True
model.26.enc_bbox_head.layers.2.bias	model.27.enc_bbox_head.layers.2.bias	True
model.26.dec_score_head.0.weight	model.27.dec_score_head.0.weight	True
model.26.dec_score_head.0.bias	model.27.dec_score_head.0.bias	True
model.26.dec_score_head.1.weight	model.27.dec_score_head.1.weight	True
model.26.dec_score_head.1.bias	model.27.dec_score_head.1.bias	True
model.26.dec_score_head.2.weight	model.27.dec_score_head.2.weight	True
model.26.dec_score_head.2.bias	model.27.dec_score_head.2.bias	True
model.26.dec_bbox_head.0.layers.0.weight	model.27.dec_bbox_head.0.layers.0.weight	True
model.26.dec_bbox_head.0.layers.0.bias	model.27.dec_bbox_head.0.layers.0.bias	True
model.26.dec_bbox_head.0.layers.1.weight	model.27.dec_bbox_head.0.layers.1.weight	True
model.26.dec_bbox_head.0.layers.1.bias	model.27.dec_bbox_head.0.layers.1.bias	True
model.26.dec_bbox_head.0.layers.2.weight	model.27.dec_bbox_head.0.layers.2.weight	True
model.26.dec_bbox_head.0.layers.2.bias	model.27.dec_bbox_head.0.layers.2.bias	True
model.26.dec_bbox_head.1.layers.0.weight	model.27.dec_bbox_head.1.layers.0.weight	True
model.26.dec_bbox_head.1.layers.0.bias	model.27.dec_bbox_head.1.layers.0.bias	True
model.26.dec_bbox_head.1.layers.1.weight	model.27.dec_bbox_head.1.layers.1.weight	True
model.26.dec_bbox_head.1.layers.1.bias	model.27.dec_bbox_head.1.layers.1.bias	True
model.26.dec_bbox_head.1.layers.2.weight	model.27.dec_bbox_head.1.layers.2.weight	True
model.26.dec_bbox_head.1.layers.2.bias	model.27.dec_bbox_head.1.layers.2.bias	True
model.26.dec_bbox_head.2.layers.0.weight	model.27.dec_bbox_head.2.layers.0.weight	True
model.26.dec_bbox_head.2.layers.0.bias	model.27.dec_bbox_head.2.layers.0.bias	True
model.26.dec_bbox_head.2.layers.1.weight	model.27.dec_bbox_head.2.layers.1.weight	True
model.26.dec_bbox_head.2.layers.1.bias	model.27.dec_bbox_head.2.layers.1.bias	True
model.26.dec_bbox_head.2.layers.2.weight	model.27.dec_bbox_head.2.layers.2.weight	True
model.26.dec_bbox_head.2.layers.2.bias	model.27.dec_bbox_head.2.layers.2.bias	True
